{"type":"Design","zone":null,"children":[{"type":"Page","properties":{"id":"pgSplash","theme":"c"},"children":[{"type":"Header","zone":"top","properties":{"theme":"c","text":"Aplikasi wapik"}},{"type":"Content","zone":"content","children":[{"type":"Image","properties":{"align":"center","src":"images/logo.jpg"}}]},{"type":"Footer","zone":"bottom","properties":{"position":"fixed","theme":"c","text":""},"children":[{"type":"Navbar","children":[{"type":"Button","properties":{"text":"Mulai","id":"btnMasuk","target":"#pgQuiz1"}}]}]}]},{"type":"Page","properties":{"id":"pgQuiz2"},"children":[{"type":"Header","zone":"top","properties":{"text":"Level 2"}},{"type":"Content","zone":"content","children":[{"type":"Div","children":[{"type":"Text","properties":{"text":"1. Sayur ini akan lebih bergizi apabila di masak  ,tidak seperti banyak sayuran lainya. Sayuran ini banyak mengandung karoten, antioksodan yang memberikan warna orange pada sayur ini..   "}},{"type":"RadioGroup","children":[{"type":"RadioButton","properties":{"label":"Bayam","id":"radio5"}},{"type":"RadioButton","properties":{"label":"Brokoli","id":"radio6"}},{"type":"RadioButton","properties":{"label":"Alpukat","id":"radio7"}},{"type":"RadioButton","properties":{"label":"Wortel","id":"radio8","value":"1"}},{"type":"RadioButton","properties":{"id":"radio21","label":"Tomat"}}]}]},{"type":"Div","children":[{"type":"Text","properties":{"text":"2. Sayuran dan buah buahan mengandung zat gizi yang bermanfaat untuk....    "}},{"type":"RadioGroup","children":[{"type":"RadioButton","properties":{"label":"Menghasilkan tenaga","id":"radio22"}},{"type":"RadioButton","properties":{"label":"Menyediakan makanan cadangan","id":"radio23"}},{"type":"RadioButton","properties":{"label":"Melindungi tubuh dari penyakit","id":"radio24","value":"1"}},{"type":"RadioButton","properties":{"label":"Mengganti sel sel tubuh yang rusak","id":"radio25"}}]}]},{"type":"Div","children":[{"type":"Text","properties":{"text":"3. Sayur dengan kandungan fe paling tinggi adalah ...."}},{"type":"RadioGroup","children":[{"type":"RadioButton","properties":{"label":"Bayam","id":"radio26","value":"1"}},{"type":"RadioButton","properties":{"label":"Kelor","id":"radio27"}},{"type":"RadioButton","properties":{"label":"Brokoli","id":"radio28"}},{"type":"RadioButton","properties":{"label":"Sawi","id":"radio29"}}]}]},{"type":"Div","children":[{"type":"Text","properties":{"text":"4. Buah yang menggantikan sel darah merah sebagai metabolisme tubuh adalah...."}},{"type":"RadioGroup","children":[{"type":"RadioButton","properties":{"label":"Tomat","id":"radio30"}},{"type":"RadioButton","properties":{"label":"Wortel","id":"radio31"}},{"type":"RadioButton","properties":{"label":"Air Kelapa","id":"radio32","value":"1"}},{"type":"RadioButton","properties":{"label":"Raspberry","id":"radio33"}}]}]},{"type":"Div","children":[{"type":"Text","properties":{"text":"5. Dalam buah-buah an banyak terkandung vitamin. Beberapa mengandung vitamin yg baik untuk kesehatan mata...    "}},{"type":"RadioGroup","children":[{"type":"RadioButton","properties":{"label":"Wortel","id":"radio34","value":"1"}},{"type":"RadioButton","properties":{"label":"Alpukat","id":"radio35"}},{"type":"RadioButton","properties":{"label":"Apel","id":"radio36"}},{"type":"RadioButton","properties":{"label":"Jeruk","value":"1","id":"radio37"}}]}]}]},{"type":"Footer","zone":"bottom","properties":{"text":""},"children":[{"type":"Navbar","children":[{"type":"Button","properties":{"text":"Kembali","target":"#pgQuiz1","theme":"c","transition":"slidedown"}},{"type":"Button","properties":{"text":"Next","theme":"c","target":"#pgQuiz3","transition":"slideup"}}]}]}]},{"type":"Page","properties":{"id":"pgResult"},"children":[{"type":"Header","zone":"top","properties":{"text":"Hasil"}},{"type":"Content","zone":"content","children":[{"type":"Div","children":[{"type":"Accordion"}]}]},{"type":"Footer","zone":"bottom","properties":{"position":"fixed","text":""},"children":[{"type":"Navbar","children":[{"type":"Button","properties":{"theme":"c","text":"Ulang Quiz","target":"#pgQuiz1"}},{"type":"Button","properties":{"theme":"c","text":"Selesai"}}]}]}]},{"type":"Page","properties":{"id":"pgQuiz1"},"children":[{"type":"Header","zone":"top","properties":{"text":"Level 1"}},{"type":"Content","zone":"content","children":[{"type":"Div","children":[{"type":"Text","properties":{"text":"1. Sayur ini akan lebih bergizi apabila di masak  ,tidak seperti banyak sayuran lainya. Sayuran ini banyak mengandung karoten, antioksodan yang memberikan warna orange pada sayur ini..   "}},{"type":"RadioGroup","children":[{"type":"RadioButton","properties":{"label":"Bayam","id":"radio38"}},{"type":"RadioButton","properties":{"label":"Brokoli","id":"radio39"}},{"type":"RadioButton","properties":{"label":"Alpukat","id":"radio40"}},{"type":"RadioButton","properties":{"label":"Wortel","value":"1","id":"radio41"}},{"type":"RadioButton","properties":{"label":"Tomat","id":"radio42"}}]}]},{"type":"Div","children":[{"type":"Text","properties":{"text":"2. Sayuran dan buah buahan mengandung zat gizi yang bermanfaat untuk....    "}},{"type":"RadioGroup","children":[{"type":"RadioButton","properties":{"label":"Menghasilkan tenaga","id":"radio43"}},{"type":"RadioButton","properties":{"label":"Menyediakan makanan cadangan","id":"radio44"}},{"type":"RadioButton","properties":{"label":"Melindungi tubuh dari penyakit","value":"1","id":"radio45"}},{"type":"RadioButton","properties":{"label":"Mengganti sel sel tubuh yang rusak","id":"radio46"}}]}]},{"type":"Div","children":[{"type":"Text","properties":{"text":"3. Sayur dengan kandungan fe paling tinggi adalah ...."}},{"type":"RadioGroup","children":[{"type":"RadioButton","properties":{"label":"Bayam","id":"radio47"}},{"type":"RadioButton","properties":{"label":"Kelor","id":"radio48"}},{"type":"RadioButton","properties":{"label":"Brokoli","id":"radio49"}},{"type":"RadioButton","properties":{"label":"Sawi","value":"1","id":"radio50"}}]}]},{"type":"Div","children":[{"type":"Text","properties":{"text":"4. Buah yang menggantikan sel darah merah sebagai metabolisme tubuh adalah...."}},{"type":"RadioGroup","children":[{"type":"RadioButton","properties":{"label":"Tomat","id":"radio51"}},{"type":"RadioButton","properties":{"label":"Wortel","id":"radio52"}},{"type":"RadioButton","properties":{"label":"Air Kelapa","id":"radio53"}},{"type":"RadioButton","properties":{"label":"Raspberry","value":"1","id":"radio54"}}]}]},{"type":"Div","children":[{"type":"Text","properties":{"text":"5. Dalam buah-buah an banyak terkandung vitamin. Beberapa mengandung vitamin yg baik untuk kesehatan mata...    "}},{"type":"RadioGroup","children":[{"type":"RadioButton","properties":{"label":"Wortel","id":"radio55"}},{"type":"RadioButton","properties":{"label":"Alpukat","id":"radio56"}},{"type":"RadioButton","properties":{"label":"Apel","id":"radio57"}},{"type":"RadioButton","properties":{"label":"Jeruk","value":"1","id":"radio58"}}]}]}]},{"type":"Footer","zone":"bottom","properties":{"text":""},"children":[{"type":"Navbar","children":[{"type":"Button","properties":{"text":"Kembali","target":"#pgSplash","theme":"c","transition":"slidedown"}},{"type":"Button","properties":{"text":"Next","target":"#pgQuiz2","theme":"c","transition":"slideup"}}]}]}]},{"type":"Page","properties":{"id":"pgQuiz3"},"children":[{"type":"Header","zone":"top","properties":{"text":"Level 3"}},{"type":"Content","zone":"content","children":[{"type":"Div","children":[{"type":"Text","properties":{"text":"1. Sayur ini akan lebih bergizi apabila di masak  ,tidak seperti banyak sayuran lainya. Sayuran ini banyak mengandung karoten, antioksodan yang memberikan warna orange pada sayur ini..   "}},{"type":"RadioGroup","children":[{"type":"RadioButton","properties":{"label":"Bayam","id":"radio59"}},{"type":"RadioButton","properties":{"label":"Brokoli","id":"radio60"}},{"type":"RadioButton","properties":{"label":"Alpukat","id":"radio61"}},{"type":"RadioButton","properties":{"label":"Wortel","value":"1","id":"radio62"}},{"type":"RadioButton","properties":{"label":"Tomat","id":"radio63"}}]}]},{"type":"Div","children":[{"type":"Text","properties":{"text":"2. Sayuran dan buah buahan mengandung zat gizi yang bermanfaat untuk....    "}},{"type":"RadioGroup","children":[{"type":"RadioButton","properties":{"label":"Menghasilkan tenaga","id":"radio64"}},{"type":"RadioButton","properties":{"label":"Menyediakan makanan cadangan","id":"radio65"}},{"type":"RadioButton","properties":{"label":"Melindungi tubuh dari penyakit","value":"1","id":"radio66"}},{"type":"RadioButton","properties":{"label":"Mengganti sel sel tubuh yang rusak","id":"radio67"}}]}]},{"type":"Div","children":[{"type":"Text","properties":{"text":"3. Sayur dengan kandungan fe paling tinggi adalah ...."}},{"type":"RadioGroup","children":[{"type":"RadioButton","properties":{"label":"Bayam","id":"radio68"}},{"type":"RadioButton","properties":{"label":"Kelor","id":"radio69"}},{"type":"RadioButton","properties":{"label":"Brokoli","id":"radio70"}},{"type":"RadioButton","properties":{"label":"Sawi","value":"1","id":"radio71"}}]}]},{"type":"Div","children":[{"type":"Text","properties":{"text":"4. Buah yang menggantikan sel darah merah sebagai metabolisme tubuh adalah...."}},{"type":"RadioGroup","children":[{"type":"RadioButton","properties":{"label":"Tomat","id":"radio72"}},{"type":"RadioButton","properties":{"label":"Wortel","id":"radio73"}},{"type":"RadioButton","properties":{"label":"Air Kelapa","id":"radio74"}},{"type":"RadioButton","properties":{"label":"Raspberry","value":"1","id":"radio75"}}]}]},{"type":"Div","children":[{"type":"Text","properties":{"text":"5. Dalam buah-buah an banyak terkandung vitamin. Beberapa mengandung vitamin yg baik untuk kesehatan mata...    "}},{"type":"RadioGroup","children":[{"type":"RadioButton","properties":{"label":"Wortel","id":"radio76"}},{"type":"RadioButton","properties":{"label":"Alpukat","id":"radio77"}},{"type":"RadioButton","properties":{"label":"Apel","id":"radio78"}},{"type":"RadioButton","properties":{"label":"Jeruk","value":"1","id":"radio79"}}]}]}]},{"type":"Footer","zone":"bottom","properties":{"text":""},"children":[{"type":"Navbar","children":[{"type":"Button","properties":{"text":"Kembali","target":"#pgQuiz2","theme":"c","transition":"slidedown"}},{"type":"Button","properties":{"text":"Next","target":"#pgQuiz4","theme":"c","transition":"slideup"}}]}]}]},{"type":"Page","properties":{"id":"pgQuiz4"},"children":[{"type":"Header","zone":"top","properties":{"text":"Level 4"}},{"type":"Content","zone":"content","children":[{"type":"Div","children":[{"type":"Text","properties":{"text":"1. Sayur ini akan lebih bergizi apabila di masak  ,tidak seperti banyak sayuran lainya. Sayuran ini banyak mengandung karoten, antioksodan yang memberikan warna orange pada sayur ini..   "}},{"type":"RadioGroup","children":[{"type":"RadioButton","properties":{"label":"Bayam","id":"radio80"}},{"type":"RadioButton","properties":{"label":"Brokoli","id":"radio81"}},{"type":"RadioButton","properties":{"label":"Alpukat","id":"radio82"}},{"type":"RadioButton","properties":{"label":"Wortel","value":"1","id":"radio83"}},{"type":"RadioButton","properties":{"label":"Tomat","id":"radio84"}}]}]},{"type":"Div","children":[{"type":"Text","properties":{"text":"2. Sayuran dan buah buahan mengandung zat gizi yang bermanfaat untuk....    "}},{"type":"RadioGroup","children":[{"type":"RadioButton","properties":{"label":"Menghasilkan tenaga","id":"radio85"}},{"type":"RadioButton","properties":{"label":"Menyediakan makanan cadangan","id":"radio86"}},{"type":"RadioButton","properties":{"label":"Melindungi tubuh dari penyakit","value":"1","id":"radio87"}},{"type":"RadioButton","properties":{"label":"Mengganti sel sel tubuh yang rusak","id":"radio88"}}]}]},{"type":"Div","children":[{"type":"Text","properties":{"text":"3. Sayur dengan kandungan fe paling tinggi adalah ...."}},{"type":"RadioGroup","children":[{"type":"RadioButton","properties":{"label":"Bayam","id":"radio89"}},{"type":"RadioButton","properties":{"label":"Kelor","id":"radio90"}},{"type":"RadioButton","properties":{"label":"Brokoli","id":"radio91"}},{"type":"RadioButton","properties":{"label":"Sawi","value":"1","id":"radio92"}}]}]},{"type":"Div","children":[{"type":"Text","properties":{"text":"4. Buah yang menggantikan sel darah merah sebagai metabolisme tubuh adalah...."}},{"type":"RadioGroup","children":[{"type":"RadioButton","properties":{"label":"Tomat","id":"radio93"}},{"type":"RadioButton","properties":{"label":"Wortel","id":"radio94"}},{"type":"RadioButton","properties":{"label":"Air Kelapa","id":"radio95"}},{"type":"RadioButton","properties":{"label":"Raspberry","value":"1","id":"radio96"}}]}]},{"type":"Div","children":[{"type":"Text","properties":{"text":"5. Dalam buah-buah an banyak terkandung vitamin. Beberapa mengandung vitamin yg baik untuk kesehatan mata...    "}},{"type":"RadioGroup","children":[{"type":"RadioButton","properties":{"label":"Wortel","id":"radio97"}},{"type":"RadioButton","properties":{"label":"Alpukat","id":"radio98"}},{"type":"RadioButton","properties":{"label":"Apel","id":"radio99"}},{"type":"RadioButton","properties":{"label":"Jeruk","value":"1","id":"radio100"}}]}]}]},{"type":"Footer","zone":"bottom","properties":{"text":""},"children":[{"type":"Navbar","children":[{"type":"Button","properties":{"text":"Kembali","target":"#pgQuiz3","transition":"slidedown","theme":"c"}},{"type":"Button","properties":{"text":"Next","target":"#pgQuiz5","transition":"slideup","theme":"c"}}]}]}]},{"type":"Page","properties":{"id":"pgQuiz5"},"children":[{"type":"Header","zone":"top","properties":{"text":"Level 5"}},{"type":"Content","zone":"content","children":[{"type":"Div","children":[{"type":"Text","properties":{"text":"1.Dibawah ini yang termasuk masalah gizi utama adalah...."}},{"type":"RadioGroup","children":[{"type":"RadioButton","properties":{"label":"Malnutrisi","id":"radio101"}},{"type":"RadioButton","properties":{"label":"Kekurangan Vitamin A","id":"radio102","value":"1"}},{"type":"RadioButton","properties":{"label":"Obesitas","id":"radio103"}},{"type":"RadioButton","properties":{"label":"Stunting","id":"radio104"}}]}]},{"type":"Div","children":[{"type":"Text","properties":{"text":"2.Yang merupakan tanda-tanda marasmus, kecuali....     "}},{"type":"RadioGroup","children":[{"type":"RadioButton","properties":{"label":"Berat badan sangat kurang","id":"radio106"}},{"type":"RadioButton","properties":{"label":"Terlihat sangan kurus tinggal kulit pembungkus tulang","id":"radio107"}},{"type":"RadioButton","properties":{"label":"Edema","value":"1","id":"radio108"}},{"type":"RadioButton","properties":{"label":"Muscle wasting","id":"radio109"}}]}]},{"type":"Div","children":[{"type":"Text","properties":{"text":"3.Tindakan pertama yang harus dilakukan bila menemui penderita gizi buruk baik dengan komplikasi maupun tidak adalah.... "}},{"type":"RadioGroup","children":[{"type":"RadioButton","properties":{"label":"Rujuk segera ke UGD","id":"radio110"}},{"type":"RadioButton","properties":{"label":"Diberikan infus NaCl atau RL","id":"radio111"}},{"type":"RadioButton","properties":{"label":"Diberikan transfusi darah","id":"radio112"}},{"type":"RadioButton","properties":{"label":"Diberikan air gula","value":"1","id":"radio113"}}]}]},{"type":"Div","children":[{"type":"Text","properties":{"text":"4. Pemberian asam folat pada ibu hamil bertujuan untuk.... "}},{"type":"RadioGroup","children":[{"type":"RadioButton","properties":{"label":"Pertumbuhan tulang dan gigi","id":"radio114"}},{"type":"RadioButton","properties":{"label":"Membantu kesehatan mata","id":"radio115"}},{"type":"RadioButton","properties":{"label":"Membantu produksi sel darah merah","id":"radio116"}},{"type":"RadioButton","properties":{"label":"Perkembangan sistem saraf dan sel darah","id":"radio117","value":"1"}}]}]},{"type":"Div","children":[{"type":"Text","properties":{"text":"5. Pada penderita kekurangan vitamin A biasanya terjadi gangguan mata yang ditandai dengan bercak bitot disebut....     "}},{"type":"RadioGroup","children":[{"type":"RadioButton","properties":{"label":"Xeropthalmia","id":"radio118","value":"1"}},{"type":"RadioButton","properties":{"label":"Miopi","id":"radio119"}},{"type":"RadioButton","properties":{"label":"Rabun senja","id":"radio120"}},{"type":"RadioButton","properties":{"label":"Rabun dekat","id":"radio121"}}]}]}]},{"type":"Footer","zone":"bottom","properties":{"text":""},"children":[{"type":"Navbar","children":[{"type":"Button","properties":{"text":"Kembali","target":"#pgQuiz3","transition":"slidedown","theme":"c"}},{"type":"Button","properties":{"text":"Next","target":"#pgResult","transition":"slideup","theme":"c"}}]}]}]}],"pInfo":{"name":"Untitled","accessDate":1475227094803,"device":{"name":"Phones","screenWidth":320,"screenHeight":480,"rotating":false}}}